use test;
CREATE TABLE `test_groupconcat2_case` (
`id` int(11) DEFAULT NULL,
`val` int(11)
) ENGINE=STONEDB;
insert into test_groupconcat2_case values(1, 22);
insert into test_groupconcat2_case values(1, 4);
select id,group_concat(val order by val desc SEPARATOR " ") from test_groupconcat2_case group by id;
id	group_concat(val order by val desc SEPARATOR " ")
1	22 4
select id,group_concat(distinct val SEPARATOR ":") from test_groupconcat2_case group by id;
id	group_concat(distinct val SEPARATOR ":")
1	22:4
drop table test_groupconcat2_case;
