#
# issue 906 test for crashed when the subquery includes a SORT clause but it cannot be flattened
#
use test;
DROP TABLE IF EXISTS shop;
CREATE TABLE shop (
article INT           DEFAULT '0000' NOT NULL,
dealer  CHAR(20)      DEFAULT ''     NOT NULL,
price   DECIMAL(16,2) DEFAULT '0.00' NOT NULL
) ENGINE=TIANMU;
INSERT INTO shop
VALUES(1, 'A', 3.45),(1, 'B', 3.99),
(2, 'A', 10.99),(3, 'B', 1.45),
(3, 'C', 1.69),(3, 'D', 1.25),
(4, 'D', 19.95);
SELECT
*
FROM
shop
WHERE
article IN (
SELECT
COUNT(*)
FROM
shop
GROUP BY
article
);
article	dealer	price
1	A	3.45
1	B	3.99
2	A	10.99
3	B	1.45
3	C	1.69
3	D	1.25
SELECT
*
FROM
shop
WHERE
article NOT IN (
SELECT
COUNT(*)
FROM
shop
GROUP BY
article
);
article	dealer	price
4	D	19.95
SELECT
*
FROM
shop
WHERE
article IN (
SELECT
COUNT(*)
FROM
shop
GROUP BY
article
)
UNION
SELECT
*
FROM
shop
WHERE
article NOT IN (
SELECT
COUNT(*)
FROM
shop
GROUP BY
article
);
article	dealer	price
1	A	3.45
1	B	3.99
2	A	10.99
3	B	1.45
3	C	1.69
3	D	1.25
4	D	19.95
DROP TABLE shop;
