drop database if exists issue362;
create database issue362;
use issue362;
CREATE TABLE `abcÿdef` (i int)engine=tianmu;
INSERT INTO `abcÿdef` VALUES (1);
INSERT INTO abcÿdef VALUES (2);
SELECT * FROM `abcÿdef`;
i
1
2
SELECT * FROM abcÿdef;
i
1
2
DROP TABLE `abcÿdef`;
drop database issue362;
