drop database if exists issue1560;
create database issue1560;
create table t1(a1 int, b1 int) engine=tianmu charset UTF8MB4 collate utf8mb4_bin;
create table t2(a2 int, b2 int) engine=tianmu charset UTF8MB4 collate utf8mb4_bin;
create table t3(a3 int, b3 int) engine=tianmu charset UTF8MB4 collate utf8mb4_bin;
insert into t1 values(11,11), (1,1), (2,2), (44,44);
insert into t2 values(22,22), (2,2), (1,2), (11,13);
insert into t3 values(33,33), (3,3), (1,4), (44,33), (1,5);
select * from t1, t2, t3;
a1	b1	a2	b2	a3	b3
11	11	22	22	33	33
1	1	22	22	33	33
2	2	22	22	33	33
44	44	22	22	33	33
11	11	2	2	33	33
1	1	2	2	33	33
2	2	2	2	33	33
44	44	2	2	33	33
11	11	1	2	33	33
1	1	1	2	33	33
2	2	1	2	33	33
44	44	1	2	33	33
11	11	11	13	33	33
1	1	11	13	33	33
2	2	11	13	33	33
44	44	11	13	33	33
11	11	22	22	3	3
1	1	22	22	3	3
2	2	22	22	3	3
44	44	22	22	3	3
11	11	2	2	3	3
1	1	2	2	3	3
2	2	2	2	3	3
44	44	2	2	3	3
11	11	1	2	3	3
1	1	1	2	3	3
2	2	1	2	3	3
44	44	1	2	3	3
11	11	11	13	3	3
1	1	11	13	3	3
2	2	11	13	3	3
44	44	11	13	3	3
11	11	22	22	1	4
1	1	22	22	1	4
2	2	22	22	1	4
44	44	22	22	1	4
11	11	2	2	1	4
1	1	2	2	1	4
2	2	2	2	1	4
44	44	2	2	1	4
11	11	1	2	1	4
1	1	1	2	1	4
2	2	1	2	1	4
44	44	1	2	1	4
11	11	11	13	1	4
1	1	11	13	1	4
2	2	11	13	1	4
44	44	11	13	1	4
11	11	22	22	44	33
1	1	22	22	44	33
2	2	22	22	44	33
44	44	22	22	44	33
11	11	2	2	44	33
1	1	2	2	44	33
2	2	2	2	44	33
44	44	2	2	44	33
11	11	1	2	44	33
1	1	1	2	44	33
2	2	1	2	44	33
44	44	1	2	44	33
11	11	11	13	44	33
1	1	11	13	44	33
2	2	11	13	44	33
44	44	11	13	44	33
11	11	22	22	1	5
1	1	22	22	1	5
2	2	22	22	1	5
44	44	22	22	1	5
11	11	2	2	1	5
1	1	2	2	1	5
2	2	2	2	1	5
44	44	2	2	1	5
11	11	1	2	1	5
1	1	1	2	1	5
2	2	1	2	1	5
44	44	1	2	1	5
11	11	11	13	1	5
1	1	11	13	1	5
2	2	11	13	1	5
44	44	11	13	1	5
select * from t1 left join (t2 join t3) on t1.a1=t2.a2;
a1	b1	a2	b2	a3	b3
2	2	2	2	33	33
1	1	1	2	33	33
11	11	11	13	33	33
2	2	2	2	3	3
1	1	1	2	3	3
11	11	11	13	3	3
2	2	2	2	1	4
1	1	1	2	1	4
11	11	11	13	1	4
2	2	2	2	44	33
1	1	1	2	44	33
11	11	11	13	44	33
2	2	2	2	1	5
1	1	1	2	1	5
11	11	11	13	1	5
44	44	NULL	NULL	NULL	NULL
select * from t1 left join (t2 join t3 on t2.a2=t3.a3) on t1.a1=t2.a2;
a1	b1	a2	b2	a3	b3
1	1	1	2	1	4
1	1	1	2	1	5
11	11	NULL	NULL	NULL	NULL
44	44	NULL	NULL	NULL	NULL
2	2	NULL	NULL	NULL	NULL
select * from t1 left join (t2 left join t3 on t2.a2=t3.a3) on t1.a1=t2.a2;
a1	b1	a2	b2	a3	b3
1	1	1	2	1	4
1	1	1	2	1	5
2	2	2	2	NULL	NULL
11	11	11	13	NULL	NULL
44	44	NULL	NULL	NULL	NULL
select * from t1 left join (t2 left join t3 on t2.a2=t3.a3) on t1.a1=t2.a2 and t1.a1=t3.a3;
a1	b1	a2	b2	a3	b3
1	1	1	2	1	4
1	1	1	2	1	5
11	11	NULL	NULL	NULL	NULL
44	44	NULL	NULL	NULL	NULL
2	2	NULL	NULL	NULL	NULL
drop table t1, t2, t3;
drop database issue1560;
