DROP DATABASE IF EXISTS issue1910;
CREATE DATABASE issue1910;
USE issue1910;
CREATE TABLE t1 (`id` BIGINT(20) NOT NULL, 
`created_date` DATETIME DEFAULT NULL,
`name` VARCHAR(20),
`price` DECIMAL(10,2));
INSERT INTO t1 VALUES 
(1,'2023-06-30 10:00:00','aaa',186.43),
(2,'2023-11-21 14:26:54','bbb',12.2),
(3,'2023-01-25 17:10:20','ccc',1743.19),
(4,'2012-03-18 23:56:41','ddd',1.3);
CREATE TABLE t2 (`id` INT(20) NOT NULL, 
`name` VARCHAR(20),
`price` DECIMAL(10,2));
INSERT INTO t2 VALUES 
(1,'aaa',186.43),
(2,'bbb',12.2),
(3,'aaa',1743.19),
(4,'ddd',12.2),
(3,'ccc',1743.19);
SELECT C.* FROM t1 A INNER JOIN (SELECT @row1 := @row1 + 1 AS '上划日' FROM (SELECT 0) a) C ON 1 = 1;
上划日
NULL
NULL
NULL
NULL
SELECT * FROM (SELECT 1) a INNER JOIN t1;
1	id	created_date	name	price
1	1	2023-06-30 10:00:00	aaa	186.43
1	2	2023-11-21 14:26:54	bbb	12.20
1	3	2023-01-25 17:10:20	ccc	1743.19
1	4	2012-03-18 23:56:41	ddd	1.30
SELECT * FROM (t1 INNER JOIN (SELECT 1) a ON t1.id = a.1) INNER JOIN t2 ON t1.id = t2.id;
id	created_date	name	price	1	id	name	price
1	2023-06-30 10:00:00	aaa	186.43	1	1	aaa	186.43
SELECT * FROM (SELECT t1.name FROM t1 INNER JOIN t2 ON t1.id = t2.id) a INNER JOIN (SELECT 'aaa',186.43) b ON a.name = 'aaa';
name	aaa	186.43
aaa	aaa	186.43
SELECT * FROM (SELECT t1.name FROM t1 INNER JOIN t2 ON t1.id = t2.id) a INNER JOIN (SELECT * FROM (SELECT * FROM t2
WHERE name = 'aaa') b WHERE id = 3) c ON a.name = 'aaa';
name	id	name	price
aaa	3	aaa	1743.19
DROP TABLE t1;
DROP TABLE t2;
DROP DATABASE issue1910;
