DROP DATABASE IF EXISTS issue1865_test_db;
CREATE DATABASE issue1865_test_db;
create table t1 (a int default 100, b int, c varchar(60))engine=tianmu;
load data infile 'MYSQL_TEST_DIR/suite/tianmu/std_data/issue1865.dat' into table t1 (a, c);
select * from t1;
a	b	c
NULL	NULL	10
NULL	NULL	15
alter table t1 alter column b drop default;
alter table t1 alter column b set default 10;
load data infile 'MYSQL_TEST_DIR/suite/tianmu/std_data/issue1865.dat' into table t1 (a, c);
select * from t1;
a	b	c
NULL	NULL	10
NULL	NULL	15
NULL	10	10
NULL	10	15
alter table t1 modify c text;
load data infile 'MYSQL_TEST_DIR/suite/tianmu/std_data/issue1865.dat' into table t1 (a, c);
select * from t1;
a	b	c
NULL	NULL	10
NULL	NULL	15
NULL	10	10
NULL	10	15
NULL	10	10
NULL	10	15
DROP DATABASE issue1865_test_db;
