DROP DATABASE IF EXISTS issue1808_test;
CREATE DATABASE issue1808_test;
USE issue1808_test;
SELECT c1 FROM ttt UNION ALL SELECT 'aaa' c1 FROM (SELECT c2 FROM ttt WHERE c1 IN (3000000000027265)) x ORDER BY c1;
c1
3000000000027266
3000000000027267
3000000000027268
3000000000027269
3000000000027270
DROP DATABASE issue1808_test;
