include/master-slave.inc
Warnings:
Note	####	Sending passwords in plain text without SSL/TLS is extremely insecure.
Note	####	Storing MySQL user name or password information in the master info repository is not secure and is therefore not recommended. Please consider using the USER and PASSWORD connection options for START SLAVE; see the 'START SLAVE Syntax' in the MySQL Manual for more information.
[connection master]
create table t1 (b int not null default 1, c varchar(60) default '\\')engine=tianmu;
insert into t1 values(1, 'AAAAAAAA');
insert into t1 values(2, 'BBBBBBBB');
SELECT * from t1 INTO OUTFILE '1876_tmp_dat';
create table t2 like t1;
load data infile '1876_tmp_dat' into table t2;
CREATE TABLE `column_type_test1` (
`c_tinyint` tinyint(4) DEFAULT NULL COMMENT 'tinyint',
`c_smallint` smallint(6) DEFAULT NULL COMMENT 'smallint',
`c_mediumint` mediumint(9) DEFAULT NULL COMMENT 'mediumint',
`c_int` int(11) DEFAULT NULL COMMENT 'int',
`c_bigint` bigint(20) DEFAULT NULL COMMENT 'bigint',
`c_float` float DEFAULT NULL COMMENT 'float',
`c_double` double DEFAULT NULL COMMENT 'double',
`c_decimal` decimal(10,5) DEFAULT NULL COMMENT 'decimal',
`c_date` date DEFAULT NULL COMMENT 'date',
`c_datetime` datetime DEFAULT NULL COMMENT 'datetime',
`c_timestamp` timestamp NULL DEFAULT NULL COMMENT 'timestamp',
`c_time` time DEFAULT NULL COMMENT 'time',
`c_char` char(10) DEFAULT NULL COMMENT 'char',
`c_varchar` varchar(10) DEFAULT NULL COMMENT 'varchar',
`c_blob` blob COMMENT 'blob',
`c_text` text COMMENT 'text',
`c_longblob` longblob COMMENT 'longblob'
) engine=tianmu;
insert into column_type_test1 values(100, 100, 100, 100, 100, 5.2, 10.88, 100.08300, '2016-02-25', '2016-02-25 10:20:01', '2007-04-23 08:12:49', '10:20:01', 'stonedb', 'hello', null, 'bcdefghijklmn', null);
insert into column_type_test1 values(101, 101, 101, 101, 101, 5.2, 10.88, 101.08300, '2016-02-25', '2016-02-25 10:20:01', '1985-08-11 09:10:25', '10:20:01', 'stoneatom', 'hello', null, 'bcdefghijklmn', null);
SELECT * from column_type_test1 INTO OUTFILE '1876_tmp1_dat';
create table column_type_test2 like column_type_test1;
load data infile '1876_tmp1_dat' into table column_type_test2;
create table user_t1(id int, department varchar(10)) engine=tianmu;
SELECT * from user_t1 INTO OUTFILE '1876_tmp2_dat';
create table user_t2 like user_t1;
load data infile '1876_tmp2_dat' into table user_t2;
SHOW STATUS LIKE 'Slave_running';
Variable_name	Value
Slave_running	ON
select * from t2;
b	c
1	AAAAAAAA
2	BBBBBBBB
select * from column_type_test2;
c_tinyint	c_smallint	c_mediumint	c_int	c_bigint	c_float	c_double	c_decimal	c_date	c_datetime	c_timestamp	c_time	c_char	c_varchar	c_blob	c_text	c_longblob
100	100	100	100	100	5.2	10.88	100.08300	2016-02-25	2016-02-25 10:20:01	2007-04-23 08:12:49	10:20:01	stonedb	hello	NULL	bcdefghijklmn	NULL
101	101	101	101	101	5.2	10.88	101.08300	2016-02-25	2016-02-25 10:20:01	1985-08-11 09:10:25	10:20:01	stoneatom	hello	NULL	bcdefghijklmn	NULL
checksum table user_t2;
Table	Checksum
test.user_t2	536836232
drop table t1, t2;
drop table column_type_test1, column_type_test2;
drop table user_t1, user_t2;
include/rpl_end.inc
