SELECT SUM(LENGTH(p_id)) FROM ttt;
SUM(LENGTH(p_id))
34
SELECT SUM(LENGTH(p_id)/2) FROM ttt;
SUM(LENGTH(p_id)/2)
17.0000
SELECT SUM(LENGTH(p_val)) FROM ttt;
SUM(LENGTH(p_val))
6
SELECT SUM(LENGTH(p_val)/2) FROM ttt;
SUM(LENGTH(p_val)/2)
3.0000
