drop database if exists issue515;
create database issue515;
use issue515;
create table timetest (val timestamp) ENGINE=TIANMU;
insert into timetest values ('2010-02-22 18:35:23');
select val not between '2010-02-22 18:35:23' and '2015-11-23 08:02:45' from (select * from timetest) as A;
val not between '2010-02-22 18:35:23' and '2015-11-23 08:02:45'
0
select val, val >= '2010-02-22 18:35:23' from (select * from timetest) as A;
val	val >= '2010-02-22 18:35:23'
2010-02-22 18:35:23	1
drop table timetest;
drop database issue515;
