drop database if exists issue228;
create database issue228;
use issue228;
create table t1 (a varchar(11) charset utf8 collate utf8_bin not null,primary key (a)) select 'test' as a ;
Warnings:
Warning	3719	'utf8' is currently an alias for the character set UTF8MB3, but will be an alias for UTF8MB4 in a future release. Please consider using UTF8MB4 in order to be unambiguous.
Warning	3778	'utf8mb3_bin' is a collation of the deprecated character set UTF8MB3. Please consider using UTF8MB4 with an appropriate collation instead.
select a from t1;
a
drop table t1;
drop database issue228;
