#
# left and right func test
#
DROP DATABASE IF EXISTS left_right_func_test;
CREATE DATABASE left_right_func_test;
USE left_right_func_test;
DROP TABLE IF EXISTS t1;
CREATE TABLE t1 (`time_tk` INT(11) UNSIGNED NOT NULL) DEFAULT CHARSET=latin1;
INSERT INTO t1 VALUES 
(2013113023),
(1900010100),
(2199123100),
(2199123100),
(2147483646),
(2147483647),
(2147483648);
SELECT LEFT(time_tk,6) AS time_tk_left FROM t1;
time_tk_left
201311
190001
219912
219912
214748
214748
214748
SELECT RIGHT(time_tk,6) AS time_tk_right FROM t1;
time_tk_right
113023
010100
123100
123100
483646
483647
483648
DROP TABLE IF EXISTS t1;
DROP DATABASE left_right_func_test;
