include/master-slave.inc
[connection master]
#
# There are MySQL keywords in the table fields
#
[on master]
drop table if exists `primary_secondary_issue1409`;
CREATE TABLE `primary_secondary_issue1409` (
`usage` tinyint DEFAULT NULL COMMENT 'tinyint',
`use` smallint DEFAULT NULL COMMENT 'smallint',
`update` mediumint DEFAULT NULL COMMENT 'mediumint',
`delete` int DEFAULT NULL COMMENT 'int',
`select` bigint DEFAULT NULL COMMENT 'bigint',
`drop` float DEFAULT NULL COMMENT 'float',
`create` double DEFAULT NULL COMMENT 'double',
`insert` decimal(10,5) DEFAULT NULL COMMENT 'decimal',
`database` date DEFAULT NULL COMMENT 'date',
`where` datetime DEFAULT NULL COMMENT 'datetime',
`lefe` timestamp NULL DEFAULT NULL COMMENT 'timestamp',
`join` time DEFAULT NULL COMMENT 'time',
`engine` char(10) DEFAULT NULL COMMENT 'char',
`reset` varchar(10) DEFAULT NULL COMMENT 'varchar',
`into` blob COMMENT 'blob',
`set` text COMMENT 'text',
`show` longblob COMMENT 'longblob'
) engine=tianmu;
insert into primary_secondary_issue1409
values(100,100,100,100,100,5.2,10.88,100.08300,'2016-02-25','2016-02-25 10:20:01',
'2007-04-23 08:12:49','10:20:01','stoneatom','hello',NULL,'bcdefghijklmn',NULL);
insert into primary_secondary_issue1409
values(101,100,100,100,100,5.2,10.88,100.08300,'2016-02-25','2016-02-25 10:20:01',
'2007-04-23 08:12:49','10:20:01','stoneatom','hello',NULL,'bcdefghijklmn',NULL);
insert into primary_secondary_issue1409
values(102,100,100,100,100,5.2,10.88,100.08300,'2016-02-25','2016-02-25 10:20:01',
'2007-04-23 08:12:49','10:20:01','stoneatom','hello',NULL,'bcdefghijklmn',NULL);
update primary_secondary_issue1409 set `use`=200 where `usage`=100;
select * from primary_secondary_issue1409;
usage	use	update	delete	select	drop	create	insert	database	where	lefe	join	engine	reset	into	set	show
100	200	100	100	100	5.2	10.88	100.08300	2016-02-25	2016-02-25 10:20:01	2007-04-23 08:12:49	10:20:01	stoneatom	hello	NULL	bcdefghijklmn	NULL
101	100	100	100	100	5.2	10.88	100.08300	2016-02-25	2016-02-25 10:20:01	2007-04-23 08:12:49	10:20:01	stoneatom	hello	NULL	bcdefghijklmn	NULL
102	100	100	100	100	5.2	10.88	100.08300	2016-02-25	2016-02-25 10:20:01	2007-04-23 08:12:49	10:20:01	stoneatom	hello	NULL	bcdefghijklmn	NULL
[on slave]
include/sync_slave_sql_with_master.inc
select * from primary_secondary_issue1409;
usage	use	update	delete	select	drop	create	insert	database	where	lefe	join	engine	reset	into	set	show
100	200	100	100	100	5.2	10.88	100.08300	2016-02-25	2016-02-25 10:20:01	2007-04-23 08:12:49	10:20:01	stoneatom	hello	NULL	bcdefghijklmn	NULL
101	100	100	100	100	5.2	10.88	100.08300	2016-02-25	2016-02-25 10:20:01	2007-04-23 08:12:49	10:20:01	stoneatom	hello	NULL	bcdefghijklmn	NULL
102	100	100	100	100	5.2	10.88	100.08300	2016-02-25	2016-02-25 10:20:01	2007-04-23 08:12:49	10:20:01	stoneatom	hello	NULL	bcdefghijklmn	NULL
[on master]
drop table primary_secondary_issue1409;
include/sync_slave_sql_with_master.inc
stop replica;
