#
# Test cases for UNION
#
DROP DATABASE IF EXISTS union_test;
CREATE DATABASE union_test;
USE union_test;
#
# UNION for INT and INT SIGNED
#
CREATE TABLE t1 (a INT, b INT SIGNED);
INSERT INTO t1 VALUES (-1, 1), (-1, 1), (-2, 2);
SELECT * FROM (SELECT * FROM t1 UNION SELECT * FROM t1) tttt ORDER BY b;
a	b
-1	1
-2	2
SELECT * FROM (SELECT a FROM t1 UNION SELECT b FROM t1) tttt ORDER BY a;
a
-2
-1
1
2
SELECT * FROM (SELECT b FROM t1 UNION SELECT a FROM t1) tttt ORDER BY b;
b
-2
-1
1
2
DROP TABLE t1;
#
# Multiple Columns Union
#
CREATE TABLE t1 (a INT, b INT, c INT);
INSERT INTO t1 VALUES (-1, 1, 0), (-2, 2, 0), (-3, 3, 0), (-4, 4, 0), (-5, 5, 0), (-1, 1, 0), (-2, 2, 0), (-3, 3, 0), (-4, 4, 0), (-5, 5, 0);
SELECT * FROM (SELECT * FROM t1 UNION ALL SELECT * FROM t1) tttt ORDER BY b;
a	b	c
-1	1	0
-1	1	0
-1	1	0
-1	1	0
-2	2	0
-2	2	0
-2	2	0
-2	2	0
-3	3	0
-3	3	0
-3	3	0
-3	3	0
-4	4	0
-4	4	0
-4	4	0
-4	4	0
-5	5	0
-5	5	0
-5	5	0
-5	5	0
SELECT * FROM (SELECT a FROM t1 UNION ALL SELECT b FROM t1) tttt ORDER BY a;
a
-5
-5
-4
-4
-3
-3
-2
-2
-1
-1
1
1
2
2
3
3
4
4
5
5
SELECT * FROM (SELECT b FROM t1 UNION ALL SELECT a FROM t1) tttt ORDER BY b;
b
-5
-5
-4
-4
-3
-3
-2
-2
-1
-1
1
1
2
2
3
3
4
4
5
5
DROP TABLE t1;
#
# Same Int Type Union
#
CREATE TABLE t1 (a INT SIGNED, b INT SIGNED);
INSERT INTO t1 VALUES (1, 1), (1, 1), (2, 1), (2, 1), (3, 2), (4, 2), (5, 2);
SELECT * FROM (SELECT a FROM t1 UNION SELECT b FROM t1) tttt ORDER BY a;
a
1
2
3
4
5
SELECT * FROM (SELECT b FROM t1 UNION SELECT a FROM t1) tttt ORDER BY b;
b
1
2
3
4
5
SELECT * FROM (SELECT * FROM t1 UNION SELECT * FROM t1) tttt ORDER BY a;
a	b
1	1
2	1
3	2
4	2
5	2
DROP TABLE t1;
CREATE TABLE t1 (a INT, b INT);
INSERT INTO t1 VALUES (-1, -1), (-1, -1), (2, 1), (2, 1), (3, 2), (4, 2), (5, 2);
SELECT * FROM (SELECT a FROM t1 UNION SELECT b FROM t1) tttt ORDER BY a;
a
-1
1
2
3
4
5
SELECT * FROM (SELECT b FROM t1 UNION SELECT a FROM t1) tttt ORDER BY b;
b
-1
1
2
3
4
5
SELECT * FROM (SELECT * FROM t1 UNION SELECT * FROM t1) tttt ORDER BY a;
a	b
-1	-1
2	1
3	2
4	2
5	2
DROP TABLE t1;
#
# Signed Int Union
#
CREATE TABLE t1 (a TINYINT);
INSERT INTO t1 VALUES (CAST(0xFFFFFFFFFFFFFF80 AS SIGNED)+2),(-1),(0),(1),(0x7F);
CREATE TABLE t2 (a SMALLINT);
INSERT INTO t2 VALUES (CAST(0xFFFFFFFFFFFF8000 AS SIGNED)+2),(-1),(0),(1),(0x7FFF);
SELECT * FROM (SELECT a FROM t1 UNION ALL SELECT a FROM t2) tttt ORDER BY a;
a
-32766
-126
-1
-1
0
0
1
1
127
32767
SELECT * FROM (SELECT a FROM t2 UNION ALL SELECT a FROM t1) tttt ORDER BY a;
a
-32766
-126
-1
-1
0
0
1
1
127
32767
DROP TABLE t2;
CREATE TABLE t2 (a MEDIUMINT);
INSERT INTO t2 VALUES (CAST(0xFFFFFFFFFF800000 AS SIGNED)+2),(-1),(0),(1),(0x7FFFFF);
SELECT * FROM (SELECT a FROM t1 UNION ALL SELECT a FROM t2) tttt ORDER BY a;
a
-8388606
-126
-1
-1
0
0
1
1
127
8388607
SELECT * FROM (SELECT a FROM t2 UNION ALL SELECT a FROM t1) tttt ORDER BY a;
a
-8388606
-126
-1
-1
0
0
1
1
127
8388607
DROP TABLE t2;
CREATE TABLE t2 (a INT);
INSERT INTO t2 VALUES (CAST(0xFFFFFFFF80000000 AS SIGNED)+2),(-1),(0),(1),(0x7FFFFFFF);
SELECT * FROM (SELECT a FROM t1 UNION ALL SELECT a FROM t2) tttt ORDER BY a;
a
-2147483646
-126
-1
-1
0
0
1
1
127
2147483647
SELECT * FROM (SELECT a FROM t2 UNION ALL SELECT a FROM t1) tttt ORDER BY a;
a
-2147483646
-126
-1
-1
0
0
1
1
127
2147483647
DROP TABLE t2;
CREATE TABLE t2 (a BIGINT);
INSERT INTO t2 VALUES (CAST(0x8000000000000000 AS SIGNED)+2),(-1),(0),(1),(0x7FFFFFFFFFFFFFFF);
SELECT * FROM (SELECT a FROM t1 UNION ALL SELECT a FROM t2) tttt ORDER BY a;
a
-9223372036854775806
-126
-1
-1
0
0
1
1
127
9223372036854775807
SELECT * FROM (SELECT a FROM t2 UNION ALL SELECT a FROM t1) tttt ORDER BY a;
a
-9223372036854775806
-126
-1
-1
0
0
1
1
127
9223372036854775807
DROP TABLE t1,t2;
CREATE TABLE t1 (a SMALLINT);
INSERT INTO t1 VALUES (CAST(0xFFFFFFFFFFFF8000 AS SIGNED)+2),(-1),(0),(1),(0x7FFF);
CREATE TABLE t2 (a MEDIUMINT);
INSERT INTO t2 VALUES (CAST(0xFFFFFFFFFF800000 AS SIGNED)+2),(-1),(0),(1),(0x7FFFFF);
SELECT * FROM (SELECT a FROM t1 UNION ALL SELECT a FROM t2) tttt ORDER BY a;
a
-8388606
-32766
-1
-1
0
0
1
1
32767
8388607
SELECT * FROM (SELECT a FROM t2 UNION ALL SELECT a FROM t1) tttt ORDER BY a;
a
-8388606
-32766
-1
-1
0
0
1
1
32767
8388607
DROP TABLE t2;
CREATE TABLE t2 (a INT);
INSERT INTO t2 VALUES (CAST(0xFFFFFFFF80000000 AS SIGNED)+2),(-1),(0),(1),(0x7FFFFFFF);
SELECT * FROM (SELECT a FROM t1 UNION ALL SELECT a FROM t2) tttt ORDER BY a;
a
-2147483646
-32766
-1
-1
0
0
1
1
32767
2147483647
SELECT * FROM (SELECT a FROM t2 UNION ALL SELECT a FROM t1) tttt ORDER BY a;
a
-2147483646
-32766
-1
-1
0
0
1
1
32767
2147483647
DROP TABLE t2;
CREATE TABLE t2 (a BIGINT);
INSERT INTO t2 VALUES (CAST(0x8000000000000000 AS SIGNED)+2),(-1),(0),(1),(0x7FFFFFFFFFFFFFFF);
SELECT * FROM (SELECT a FROM t1 UNION ALL SELECT a FROM t2) tttt ORDER BY a;
a
-9223372036854775806
-32766
-1
-1
0
0
1
1
32767
9223372036854775807
SELECT * FROM (SELECT a FROM t2 UNION ALL SELECT a FROM t1) tttt ORDER BY a;
a
-9223372036854775806
-32766
-1
-1
0
0
1
1
32767
9223372036854775807
DROP TABLE t1,t2;
CREATE TABLE t1 (a MEDIUMINT);
INSERT INTO t1 VALUES (CAST(0xFFFFFFFFFF800000 AS SIGNED)+2),(-1),(0),(1),(0x7FFFFF);
CREATE TABLE t2 (a INT);
INSERT INTO t2 VALUES (CAST(0xFFFFFFFF80000000 AS SIGNED)+2),(-1),(0),(1),(0x7FFFFFFF);
SELECT * FROM (SELECT a FROM t1 UNION ALL SELECT a FROM t2) tttt ORDER BY a;
a
-2147483646
-8388606
-1
-1
0
0
1
1
8388607
2147483647
SELECT * FROM (SELECT a FROM t2 UNION ALL SELECT a FROM t1) tttt ORDER BY a;
a
-2147483646
-8388606
-1
-1
0
0
1
1
8388607
2147483647
DROP TABLE t2;
CREATE TABLE t2 (a BIGINT);
INSERT INTO t2 VALUES (CAST(0x8000000000000000 AS SIGNED)+2),(-1),(0),(1),(0x7FFFFFFFFFFFFFFF);
SELECT * FROM (SELECT a FROM t1 UNION ALL SELECT a FROM t2) tttt ORDER BY a;
a
-9223372036854775806
-8388606
-1
-1
0
0
1
1
8388607
9223372036854775807
DROP TABLE t1,t2;
CREATE TABLE t1 (a INT);
INSERT INTO t1 VALUES (CAST(0xFFFFFFFF80000000 AS SIGNED)+2),(-1),(0),(1),(0x7FFFFFFF);
CREATE TABLE t2 (a BIGINT);
INSERT INTO t2 VALUES (CAST(0x8000000000000000 AS SIGNED)+2),(-1),(0),(1),(0x7FFFFFFFFFFFFFFF);
SELECT * FROM (SELECT a FROM t1 UNION ALL SELECT a FROM t2) tttt ORDER BY a;
a
-9223372036854775806
-2147483646
-1
-1
0
0
1
1
2147483647
9223372036854775807
SELECT * FROM (SELECT a FROM t2 UNION ALL SELECT a FROM t1) tttt ORDER BY a;
a
-9223372036854775806
-2147483646
-1
-1
0
0
1
1
2147483647
9223372036854775807
DROP TABLE t1,t2;
DROP DATABASE union_test;
