#
# Test of JOIN
#
DROP DATABASE IF EXISTS various_join_test;
CREATE DATABASE various_join_test;
USE various_join_test;
create table t1 (a int, b int);
create table t2 (a int, b int);
create table t3 (a int, b int);
create table t4 (a int, b int);
create table t5 (a int, b int);
create table t6 (a int, b int);
create table t7 (a int, b int);
create table t8 (a int, b int);
create table t9 (a int, b int);
insert into t1 values (1, 3), (2, 3), (3, 4);
insert into t2 values (1, 2), (2, 4), (4, 5);
insert into t3 values (1, 2), (2, 3), (3, 4), (4, 5);
insert into t4 values (1, 3);
insert into t5 values (1, 2), (3, 4);
insert into t6 values (1, 2), (3, 4);
insert into t7 values (1, 3);
insert into t8 values (1, 3);
insert into t9 values (1, 2);
select * from t1 inner join t2 on (t1.a = t2.a) right join t3 on (t1.a = t3.a and t2.b = t3.b);
a	b	a	b	a	b
1	3	1	2	1	2
NULL	NULL	NULL	NULL	3	4
NULL	NULL	NULL	NULL	4	5
NULL	NULL	NULL	NULL	2	3
select * from t1 inner join t2 on (t1.a = t2.a) right join t3 on (t1.a = t3.a and t2.b = t3.b) left join t4 on (t3.a = t4.a);
a	b	a	b	a	b	a	b
1	3	1	2	1	2	1	3
NULL	NULL	NULL	NULL	3	4	NULL	NULL
NULL	NULL	NULL	NULL	4	5	NULL	NULL
NULL	NULL	NULL	NULL	2	3	NULL	NULL
select * from t1 inner join t2 on (t1.a = t2.a) right join t3 on (t1.a = t3.a and t2.b = t3.b) where (t3.a = 1 or t3.a = 3);
a	b	a	b	a	b
1	3	1	2	1	2
NULL	NULL	NULL	NULL	3	4
select * from t1 inner join t2 on (t1.a = t2.a) right join t3 on (t1.a = t3.a and t2.b = t3.b) where (t3.a > 1);
a	b	a	b	a	b
NULL	NULL	NULL	NULL	3	4
NULL	NULL	NULL	NULL	4	5
NULL	NULL	NULL	NULL	2	3
select * from t1 inner join t2 on (t1.a = t2.a) right join t3 on (t2.a = t3.a) left join t4 on (t3.a = t4.a and t1.b = t4.b) order by t3.a;
a	b	a	b	a	b	a	b
1	3	1	2	1	2	1	3
2	3	2	4	2	3	NULL	NULL
NULL	NULL	NULL	NULL	3	4	NULL	NULL
NULL	NULL	NULL	NULL	4	5	NULL	NULL
select * from t1 inner join t2 on (t1.a = t2.a) right join t3 on (t2.a = t3.a) left join t4 on (t3.a = t4.a and t2.b = t4.b) order by t3.a;
a	b	a	b	a	b	a	b
1	3	1	2	1	2	NULL	NULL
2	3	2	4	2	3	NULL	NULL
NULL	NULL	NULL	NULL	3	4	NULL	NULL
NULL	NULL	NULL	NULL	4	5	NULL	NULL
select * from t1 inner join t2 on (t1.a = t2.a) right join t3 on (t1.a = t3.a and t2.b = t3.b and t3.a > t1.a);
a	b	a	b	a	b
NULL	NULL	NULL	NULL	3	4
NULL	NULL	NULL	NULL	4	5
NULL	NULL	NULL	NULL	1	2
NULL	NULL	NULL	NULL	2	3
select * from t1 inner join t2 on (t1.a = t2.a) right join t3 on (t1.a = t3.a and t2.b = t3.b and t3.a > t2.a and t3.a > t1.a);
a	b	a	b	a	b
NULL	NULL	NULL	NULL	3	4
NULL	NULL	NULL	NULL	4	5
NULL	NULL	NULL	NULL	1	2
NULL	NULL	NULL	NULL	2	3
select * from t1 inner join t2 on (t1.a = t2.a) right join t3 on (t1.a = t3.a and t2.b = t3.b and t3.b > t2.a and t3.a < t1.b);
a	b	a	b	a	b
1	3	1	2	1	2
NULL	NULL	NULL	NULL	3	4
NULL	NULL	NULL	NULL	4	5
NULL	NULL	NULL	NULL	2	3
select * from t1 inner join t2 on (t1.a = t2.a) right join t3 on (t1.a = t3.a and t2.b = t3.b) left join t4 on (t3.a = t4.a and t2.a = t4.a) order by t3.a;
a	b	a	b	a	b	a	b
1	3	1	2	1	2	1	3
NULL	NULL	NULL	NULL	2	3	NULL	NULL
NULL	NULL	NULL	NULL	3	4	NULL	NULL
NULL	NULL	NULL	NULL	4	5	NULL	NULL
select * from t1 inner join t2 on (t1.a = t2.a) right join t3 on (t1.a = t3.a and t2.b = t3.b) right join t4 on (t3.a = t4.a and t2.a = t4.a) order by t3.a;
a	b	a	b	a	b	a	b
1	3	1	2	1	2	1	3
select * from t1 inner join t2 on (t1.a = t2.a) right join t3 on (t1.a = t3.a) left join t4 on (t3.a = t4.a and t1.a = t4.a and t2.a = t4.a);
a	b	a	b	a	b	a	b
1	3	1	2	1	2	1	3
2	3	2	4	2	3	NULL	NULL
NULL	NULL	NULL	NULL	3	4	NULL	NULL
NULL	NULL	NULL	NULL	4	5	NULL	NULL
select * from t1 inner join t2 on (t1.a = t2.a) right join t3 on (t1.a = t3.a) right join t4 on (t3.a = t4.a and t1.a = t4.a and t2.a = t4.a);
a	b	a	b	a	b	a	b
1	3	1	2	1	2	1	3
select * from t1 inner join t2 on (t1.a = t2.a) right join t3 on (t1.a = t3.a and t2.b = t3.b) left join t4 on (t3.a = t4.a and t2.a = t4.a) left join t5 on (t4.a = t5.a and t3.b = t5.b);
a	b	a	b	a	b	a	b	a	b
1	3	1	2	1	2	1	3	1	2
NULL	NULL	NULL	NULL	3	4	NULL	NULL	NULL	NULL
NULL	NULL	NULL	NULL	4	5	NULL	NULL	NULL	NULL
NULL	NULL	NULL	NULL	2	3	NULL	NULL	NULL	NULL
select * from t1 inner join t2 on (t1.a = t2.a) right join t3 on (t1.a = t3.a and t2.b = t3.b) left join t4 on (t3.a = t4.a and t2.a = t4.a) right join t5 on (t4.a = t5.a and t3.b = t5.b);
a	b	a	b	a	b	a	b	a	b
1	3	1	2	1	2	1	3	1	2
NULL	NULL	NULL	NULL	NULL	NULL	NULL	NULL	3	4
select * from t1 inner join t2 on (t1.a = t2.a) right join t3 on (t1.a = t3.a and t2.b = t3.b) left join t4 on (t3.a = t4.a and t2.a = t4.a) right join t5 on (t4.a = t5.a and t3.b = t5.b) right join t6 on (t5.a = t6.a and t4.a = t6.a);
a	b	a	b	a	b	a	b	a	b	a	b
1	3	1	2	1	2	1	3	1	2	1	2
NULL	NULL	NULL	NULL	NULL	NULL	NULL	NULL	NULL	NULL	3	4
drop table t1;
drop table t2;
drop table t3;
drop table t4;
drop table t5;
drop table t6;
drop table t7;
drop table t8;
drop table t9;
DROP DATABASE various_join_test;
